cnumber,semester,year,a_name,user_id,grade
CS171,Fall,2017,Assignment1,A1Kcf8Z1u3,78
CS171,Fall,2017,Assignment1,Rjuqf7P3nX,96
CS171,Fall,2017,Assignment1,ECk9NPOnC1,88
CS171,Fall,2017,Assignment1,0nYGfSzH52,83
CS171,Fall,2017,Assignment1,8BdlWK9mvn,87
CS171,Fall,2017,Assignment1,hEp6l3yRkB,73
CS171,Fall,2017,Assignment1,vrSPzDaBog,46
CS171,Fall,2017,Assignment1,yVEE6glmyP,52
CS171,Fall,2017,Assignment1,4D8d5NFQey,74
CS171,Fall,2017,Assignment1,tmil3gYi8I,55
CS171,Fall,2017,Assignment1,stB2damzF1,94
CS171,Fall,2017,Assignment1,Q5zYQSo07T,73
CS171,Fall,2018,Assignment1,WJrWAidLZ5,95
CS171,Fall,2018,Assignment1,l8fb19WIds,88
CS171,Fall,2018,Assignment1,DlK1RDF6DZ,69
CS171,Fall,2018,Assignment1,s8jX7v1r9L,80
CS171,Fall,2018,Assignment1,qSaWq5Khmt,78
CS171,Fall,2018,Assignment1,JEdJCRTwMu,98
CS171,Fall,2018,Assignment1,LbOIaCTwOR,78
CS171,Fall,2018,Assignment1,F8SGo1rfbJ,81
CS171,Fall,2018,Assignment1,aDQQtN7BnB,90
CS171,Fall,2018,Assignment1,w4xX1lvTG7,68
CS171,Fall,2018,Assignment1,ixYZCGpl5D,58
CS171,Fall,2018,Assignment1,iep724zbM3,63
CS171,Fall,2018,Assignment1,rRMSF0EH7d,71
CS171,Fall,2018,Assignment1,EWUS9AaKts,89
CS377,Spring,2019,Homework1,A1Kcf8Z1u3,62
CS377,Spring,2019,Homework1,Rjuqf7P3nX,100
CS377,Spring,2019,Homework1,ECk9NPOnC1,60
CS377,Spring,2019,Homework1,0nYGfSzH52,63
CS377,Spring,2019,Homework1,8BdlWK9mvn,86
CS377,Spring,2019,Homework1,hEp6l3yRkB,56
CS377,Spring,2019,Homework1,vrSPzDaBog,48
CS377,Spring,2019,Homework1,yVEE6glmyP,56
CS377,Spring,2019,Homework1,4D8d5NFQey,63
CS377,Spring,2019,Homework1,tmil3gYi8I,74
CS377,Spring,2019,Homework1,stB2damzF1,57
CS377,Spring,2019,Homework1,Q5zYQSo07T,78
CS377,Spring,2019,Homework1,s8jX7v1r9L,77
CS377,Spring,2019,Homework1,qSaWq5Khmt,59
CS377,Spring,2019,Homework1,JEdJCRTwMu,86
CS377,Spring,2019,Homework1,LbOIaCTwOR,98
CS377,Spring,2019,Homework1,F8SGo1rfbJ,86
CS377,Spring,2019,Homework1,aDQQtN7BnB,86
CS377,Spring,2019,Homework1,w4xX1lvTG7,75
CS377,Spring,2019,Homework1,ixYZCGpl5D,64
CS171,Fall,2019,Assignment1,tmt3aPs20s,95
CS171,Fall,2019,Assignment1,QrcaEXMLnx,89
CS171,Fall,2019,Assignment1,VxX7KCsBEi,70
CS171,Fall,2019,Assignment1,PiQvBSPut9,70
CS171,Fall,2019,Assignment1,MvygDkC5GZ,44
CS171,Fall,2019,Assignment1,pSE2USVUGe,73
CS171,Fall,2019,Assignment1,uZfhzJCf3Q,30
CS171,Fall,2019,Assignment1,2ruNWPmicg,29
CS171,Fall,2019,Assignment1,5xTn7laQAz,57
CS171,Fall,2019,Assignment1,UPLEFa48ob,29
CS171,Fall,2019,Assignment1,g0aGB2MNq6,89
CS171,Fall,2019,Assignment1,vMCwbZJ5UI,61
CS171,Fall,2019,Assignment1,P80TDV5kec,69
CS171,Fall,2019,Assignment1,UX8dL9oWOH,85
CS171,Fall,2019,Assignment1,erGZXNCSa8,39
CS171,Fall,2019,Assignment1,aKtF7xlCj,95
CS171,Fall,2019,Assignment1,OcbMCqoATE,35
CS171,Fall,2019,Assignment1,Ki437ImMiB,96
CS171,Fall,2019,Assignment1,VkA4Ln4RP8,99
CS171,Fall,2019,Assignment1,Vv5mvmR93y,36
CS171,Fall,2019,Assignment1,9mCMQL1myp,37
CS171,Fall,2019,Assignment1,FGVfybCruk,44
CS171,Fall,2019,Assignment1,ybgAEICak2,81
CS377,Spring,2020,Assignment1,WJrWAidLZ5,93
CS377,Spring,2020,Assignment1,tmt3aPs20s,67
CS377,Spring,2020,Assignment1,PiQvBSPut9,94
CS377,Spring,2020,Assignment1,pSE2USVUGe,53
CS377,Spring,2020,Assignment1,uZfhzJCf3Q,98
CS377,Spring,2020,Assignment1,2ruNWPmicg,83
CS377,Spring,2020,Assignment1,5xTn7laQAz,92
CS377,Spring,2020,Assignment1,UPLEFa48ob,90
CS377,Spring,2020,Assignment1,g0aGB2MNq6,79
CS377,Spring,2020,Assignment1,vMCwbZJ5UI,69
CS377,Spring,2020,Assignment1,P80TDV5kec,80
CS377,Spring,2020,Assignment1,UX8dL9oWOH,59
CS377,Spring,2020,Assignment1,erGZXNCSa8,69
CS377,Spring,2020,Assignment1,aKtF7xlCj,99
CS377,Spring,2020,Assignment1,OcbMCqoATE,47
CS377,Spring,2020,Assignment1,Ki437ImMiB,67
CS377,Spring,2020,Assignment1,VkA4Ln4RP8,92
CS377,Spring,2020,Assignment1,Vv5mvmR93y,89
CS377,Spring,2020,Assignment1,9mCMQL1myp,63
CS171,Fall,2020,Project1,8uv1aK9btU,65
CS171,Fall,2020,Project1,cp5asEx6KR,97
CS171,Fall,2020,Project1,RxNqRHaaoI,98
CS171,Fall,2020,Project1,AnRRwDoMFm,91
CS171,Fall,2020,Project1,RwKSObZt8b,96
CS171,Fall,2020,Project1,QVsfnLS8nP,96
CS171,Fall,2020,Project1,piajOfWMIT,61
CS171,Fall,2020,Project1,lKOmgoDP5M,82
CS171,Fall,2020,Project1,xrWlqSyLPV,99
CS171,Fall,2020,Project1,k4hG2bKBi2,47
CS171,Fall,2020,Project1,OhfDW5FQet,79
CS171,Fall,2020,Project1,0Bb2zMzQAL,84
CS171,Fall,2020,Project1,qjAClhRo8T,86
CS171,Fall,2020,Project1,MMNPTkNHZg,100
CS171,Fall,2020,Project1,v9ksRoAENe,95
CS171,Fall,2020,Project1,I8k5HwpLlU,71
CS171,Fall,2020,Project1,pAA8hhbaAf,45
CS171,Fall,2020,Project1,kJQAvxlegv,94
CS171,Fall,2020,Project1,l8Ck5AEii7,55
CS171,Fall,2020,Project1,EIBGkZJ8LU,50
CS171,Fall,2020,Project1,WVztzxaqG1,57
CS171,Fall,2020,Project1,nlNo3Ifie2,88
CS171,Fall,2020,Project1,fe20lUruvB,78
CS171,Fall,2020,Project1,q24FfeogSR,75
CS171,Fall,2020,Project1,1aRjlUAYpO,68
CS171,Fall,2020,Project1,WUMHFJy3AG,51
CS171,Fall,2020,Project1,ujARr06uDs,51
CS171,Fall,2020,Project1,RtDWbzvtoo,64
CS171,Fall,2020,Project1,bCSKEQsp82,98
CS377,Spring,2021,Assignment1,xshALL98rR,80
CS377,Spring,2021,Assignment1,8uv1aK9btU,84
CS377,Spring,2021,Assignment1,cp5asEx6KR,69
CS377,Spring,2021,Assignment1,RxNqRHaaoI,77
CS377,Spring,2021,Assignment1,AnRRwDoMFm,77
CS377,Spring,2021,Assignment1,RwKSObZt8b,80
CS377,Spring,2021,Assignment1,QVsfnLS8nP,61
CS377,Spring,2021,Assignment1,qjAClhRo8T,47
CS377,Spring,2021,Assignment1,MMNPTkNHZg,71
CS377,Spring,2021,Assignment1,v9ksRoAENe,90
CS377,Spring,2021,Assignment1,I8k5HwpLlU,91
CS377,Spring,2021,Assignment1,pAA8hhbaAf,48
CS377,Spring,2021,Assignment1,kJQAvxlegv,69
CS377,Spring,2021,Assignment1,l8Ck5AEii7,46
CS377,Spring,2021,Assignment1,EIBGkZJ8LU,65
CS377,Spring,2021,Assignment1,WVztzxaqG1,51
CS377,Spring,2021,Assignment1,nlNo3Ifie2,96
CS377,Spring,2021,Assignment1,fe20lUruvB,75
CS377,Spring,2021,Assignment1,k4hG2bKBi2,69
CS377,Spring,2021,Assignment1,OhfDW5FQet,96
CS171,Fall,2021,Assignment1,qBhsb9AT1D,73
CS171,Fall,2021,Assignment1,wUSNkrt2i7,63
CS171,Fall,2021,Assignment1,YXCMIivcy6,85
CS171,Fall,2021,Assignment1,loWO7ep40W,78
CS171,Fall,2021,Assignment1,AyZm6kgtLQ,67
CS171,Fall,2021,Assignment1,RCkC4TjYNZ,87
CS171,Fall,2021,Assignment1,SGDgfAoZn8,90
CS171,Fall,2021,Assignment1,UuUxEvmxXO,75
CS171,Fall,2021,Assignment1,9wHtriXf8s,73
CS171,Fall,2021,Assignment1,j3BjhOJA0K,92
CS171,Fall,2021,Assignment1,77JVECgA9Y,82
CS171,Fall,2021,Assignment1,LRH33DL7sR,63
CS171,Fall,2021,Assignment1,82rggZxf5c,67
CS171,Fall,2021,Assignment1,ffD2jzc574,81
CS171,Fall,2021,Assignment1,zMdmtuvTDn,67
CS171,Fall,2021,Assignment1,4RygfhpS1h,78
CS171,Fall,2021,Assignment1,WW56HAP2R1,99
CS171,Fall,2021,Assignment1,Sx6sqg2Av5,96
CS171,Fall,2021,Assignment1,Oojd410rxz,79
CS377,Fall,2021,Assignment1,bSZa17FK2l,67
CS377,Fall,2021,Assignment1,A3mMrNEFsy,62
CS377,Fall,2021,Assignment1,ize3lkeNiR,71
CS377,Fall,2021,Assignment1,fk7USWbA60,75
CS377,Fall,2021,Assignment1,Xo3aGKAsfE,98
CS377,Fall,2021,Assignment1,q24FfeogSR,98
CS377,Fall,2021,Assignment1,1aRjlUAYpO,98
CS377,Fall,2021,Assignment1,WUMHFJy3AG,98
CS377,Fall,2021,Assignment1,ujARr06uDs,98
CS377,Fall,2021,Assignment1,RtDWbzvtoo,98
CS377,Fall,2021,Assignment1,bCSKEQsp82,98
CS171,Fall,2017,Assignment2,A1Kcf8Z1u3,67
CS171,Fall,2017,Assignment2,Rjuqf7P3nX,71
CS171,Fall,2017,Assignment2,ECk9NPOnC1,60
CS171,Fall,2017,Assignment2,0nYGfSzH52,100
CS171,Fall,2017,Assignment2,8BdlWK9mvn,56
CS171,Fall,2017,Assignment2,hEp6l3yRkB,88
CS171,Fall,2017,Assignment2,vrSPzDaBog,51
CS171,Fall,2017,Assignment2,yVEE6glmyP,88
CS171,Fall,2017,Assignment2,4D8d5NFQey,96
CS171,Fall,2017,Assignment2,tmil3gYi8I,56
CS171,Fall,2017,Assignment2,stB2damzF1,47
CS171,Fall,2017,Assignment2,Q5zYQSo07T,82
CS171,Fall,2018,Assignment2,WJrWAidLZ5,72
CS171,Fall,2018,Assignment2,l8fb19WIds,70
CS171,Fall,2018,Assignment2,DlK1RDF6DZ,61
CS171,Fall,2018,Assignment2,s8jX7v1r9L,46
CS171,Fall,2018,Assignment2,qSaWq5Khmt,90
CS171,Fall,2018,Assignment2,JEdJCRTwMu,52
CS171,Fall,2018,Assignment2,LbOIaCTwOR,69
CS171,Fall,2018,Assignment2,F8SGo1rfbJ,91
CS171,Fall,2018,Assignment2,aDQQtN7BnB,78
CS171,Fall,2018,Assignment2,w4xX1lvTG7,45
CS171,Fall,2018,Assignment2,ixYZCGpl5D,45
CS171,Fall,2018,Assignment2,iep724zbM3,61
CS171,Fall,2018,Assignment2,rRMSF0EH7d,75
CS171,Fall,2018,Assignment2,EWUS9AaKts,67
CS377,Spring,2019,Homework2,A1Kcf8Z1u3,95
CS377,Spring,2019,Homework2,Rjuqf7P3nX,92
CS377,Spring,2019,Homework2,ECk9NPOnC1,81
CS377,Spring,2019,Homework2,0nYGfSzH52,71
CS377,Spring,2019,Homework2,8BdlWK9mvn,68
CS377,Spring,2019,Homework2,hEp6l3yRkB,71
CS377,Spring,2019,Homework2,vrSPzDaBog,76
CS377,Spring,2019,Homework2,yVEE6glmyP,88
CS377,Spring,2019,Homework2,4D8d5NFQey,58
CS377,Spring,2019,Homework2,tmil3gYi8I,47
CS377,Spring,2019,Homework2,stB2damzF1,92
CS377,Spring,2019,Homework2,Q5zYQSo07T,78
CS377,Spring,2019,Homework2,s8jX7v1r9L,88
CS377,Spring,2019,Homework2,qSaWq5Khmt,52
CS377,Spring,2019,Homework2,JEdJCRTwMu,77
CS377,Spring,2019,Homework2,LbOIaCTwOR,71
CS377,Spring,2019,Homework2,F8SGo1rfbJ,93
CS377,Spring,2019,Homework2,aDQQtN7BnB,74
CS377,Spring,2019,Homework2,w4xX1lvTG7,89
CS377,Spring,2019,Homework2,ixYZCGpl5D,45
CS171,Fall,2019,Assignment2,tmt3aPs20s,83
CS171,Fall,2019,Assignment2,QrcaEXMLnx,95
CS171,Fall,2019,Assignment2,VxX7KCsBEi,95
CS171,Fall,2019,Assignment2,PiQvBSPut9,91
CS171,Fall,2019,Assignment2,MvygDkC5GZ,71
CS171,Fall,2019,Assignment2,pSE2USVUGe,52
CS171,Fall,2019,Assignment2,uZfhzJCf3Q,86
CS171,Fall,2019,Assignment2,2ruNWPmicg,94
CS171,Fall,2019,Assignment2,5xTn7laQAz,36
CS171,Fall,2019,Assignment2,UPLEFa48ob,91
CS171,Fall,2019,Assignment2,g0aGB2MNq6,47
CS171,Fall,2019,Assignment2,vMCwbZJ5UI,70
CS171,Fall,2019,Assignment2,P80TDV5kec,100
CS171,Fall,2019,Assignment2,UX8dL9oWOH,62
CS171,Fall,2019,Assignment2,erGZXNCSa8,35
CS171,Fall,2019,Assignment2,aKtF7xlCj,71
CS171,Fall,2019,Assignment2,OcbMCqoATE,93
CS171,Fall,2019,Assignment2,Ki437ImMiB,99
CS171,Fall,2019,Assignment2,VkA4Ln4RP8,79
CS171,Fall,2019,Assignment2,Vv5mvmR93y,85
CS171,Fall,2019,Assignment2,9mCMQL1myp,92
CS171,Fall,2019,Assignment2,FGVfybCruk,28
CS171,Fall,2019,Assignment2,ybgAEICak2,29
CS377,Spring,2020,Assignment2,WJrWAidLZ5,86
CS377,Spring,2020,Assignment2,tmt3aPs20s,63
CS377,Spring,2020,Assignment2,PiQvBSPut9,70
CS377,Spring,2020,Assignment2,pSE2USVUGe,47
CS377,Spring,2020,Assignment2,uZfhzJCf3Q,46
CS377,Spring,2020,Assignment2,2ruNWPmicg,48
CS377,Spring,2020,Assignment2,5xTn7laQAz,54
CS377,Spring,2020,Assignment2,UPLEFa48ob,81
CS377,Spring,2020,Assignment2,g0aGB2MNq6,69
CS377,Spring,2020,Assignment2,vMCwbZJ5UI,68
CS377,Spring,2020,Assignment2,P80TDV5kec,57
CS377,Spring,2020,Assignment2,UX8dL9oWOH,83
CS377,Spring,2020,Assignment2,erGZXNCSa8,49
CS377,Spring,2020,Assignment2,aKtF7xlCj,93
CS377,Spring,2020,Assignment2,OcbMCqoATE,78
CS377,Spring,2020,Assignment2,Ki437ImMiB,53
CS377,Spring,2020,Assignment2,VkA4Ln4RP8,70
CS377,Spring,2020,Assignment2,Vv5mvmR93y,87
CS377,Spring,2020,Assignment2,9mCMQL1myp,73
CS171,Fall,2020,Project2,8uv1aK9btU,99
CS171,Fall,2020,Project2,cp5asEx6KR,86
CS171,Fall,2020,Project2,RxNqRHaaoI,85
CS171,Fall,2020,Project2,AnRRwDoMFm,71
CS171,Fall,2020,Project2,RwKSObZt8b,60
CS171,Fall,2020,Project2,QVsfnLS8nP,71
CS171,Fall,2020,Project2,piajOfWMIT,68
CS171,Fall,2020,Project2,lKOmgoDP5M,84
CS171,Fall,2020,Project2,xrWlqSyLPV,98
CS171,Fall,2020,Project2,k4hG2bKBi2,90
CS171,Fall,2020,Project2,OhfDW5FQet,77
CS171,Fall,2020,Project2,0Bb2zMzQAL,69
CS171,Fall,2020,Project2,qjAClhRo8T,66
CS171,Fall,2020,Project2,MMNPTkNHZg,100
CS171,Fall,2020,Project2,v9ksRoAENe,81
CS171,Fall,2020,Project2,I8k5HwpLlU,87
CS171,Fall,2020,Project2,pAA8hhbaAf,75
CS171,Fall,2020,Project2,kJQAvxlegv,56
CS171,Fall,2020,Project2,l8Ck5AEii7,65
CS171,Fall,2020,Project2,EIBGkZJ8LU,96
CS171,Fall,2020,Project2,WVztzxaqG1,79
CS171,Fall,2020,Project2,nlNo3Ifie2,71
CS171,Fall,2020,Project2,fe20lUruvB,55
CS171,Fall,2020,Project2,q24FfeogSR,98
CS171,Fall,2020,Project2,1aRjlUAYpO,76
CS171,Fall,2020,Project2,WUMHFJy3AG,93
CS171,Fall,2020,Project2,ujARr06uDs,97
CS171,Fall,2020,Project2,RtDWbzvtoo,55
CS171,Fall,2020,Project2,bCSKEQsp82,60
CS377,Spring,2021,Assignment2,xshALL98rR,63
CS377,Spring,2021,Assignment2,8uv1aK9btU,88
CS377,Spring,2021,Assignment2,cp5asEx6KR,70
CS377,Spring,2021,Assignment2,RxNqRHaaoI,63
CS377,Spring,2021,Assignment2,AnRRwDoMFm,65
CS377,Spring,2021,Assignment2,RwKSObZt8b,99
CS377,Spring,2021,Assignment2,QVsfnLS8nP,70
CS377,Spring,2021,Assignment2,qjAClhRo8T,58
CS377,Spring,2021,Assignment2,MMNPTkNHZg,74
CS377,Spring,2021,Assignment2,v9ksRoAENe,81
CS377,Spring,2021,Assignment2,I8k5HwpLlU,65
CS377,Spring,2021,Assignment2,pAA8hhbaAf,90
CS377,Spring,2021,Assignment2,kJQAvxlegv,78
CS377,Spring,2021,Assignment2,l8Ck5AEii7,88
CS377,Spring,2021,Assignment2,EIBGkZJ8LU,96
CS377,Spring,2021,Assignment2,WVztzxaqG1,78
CS377,Spring,2021,Assignment2,nlNo3Ifie2,78
CS377,Spring,2021,Assignment2,fe20lUruvB,94
CS377,Spring,2021,Assignment2,k4hG2bKBi2,85
CS377,Spring,2021,Assignment2,OhfDW5FQet,96
CS171,Fall,2021,Assignment2,qBhsb9AT1D,73
CS171,Fall,2021,Assignment2,wUSNkrt2i7,72
CS171,Fall,2021,Assignment2,YXCMIivcy6,70
CS171,Fall,2021,Assignment2,loWO7ep40W,84
CS171,Fall,2021,Assignment2,AyZm6kgtLQ,78
CS171,Fall,2021,Assignment2,RCkC4TjYNZ,83
CS171,Fall,2021,Assignment2,SGDgfAoZn8,82
CS171,Fall,2021,Assignment2,UuUxEvmxXO,52
CS171,Fall,2021,Assignment2,9wHtriXf8s,83
CS171,Fall,2021,Assignment2,j3BjhOJA0K,66
CS171,Fall,2021,Assignment2,77JVECgA9Y,57
CS171,Fall,2021,Assignment2,LRH33DL7sR,70
CS171,Fall,2021,Assignment2,82rggZxf5c,61
CS171,Fall,2021,Assignment2,ffD2jzc574,51
CS171,Fall,2021,Assignment2,zMdmtuvTDn,69
CS171,Fall,2021,Assignment2,4RygfhpS1h,50
CS171,Fall,2021,Assignment2,WW56HAP2R1,76
CS171,Fall,2021,Assignment2,Sx6sqg2Av5,50
CS171,Fall,2021,Assignment2,Oojd410rxz,95
CS377,Fall,2021,Assignment2,bSZa17FK2l,97
CS377,Fall,2021,Assignment2,A3mMrNEFsy,75
CS377,Fall,2021,Assignment2,ize3lkeNiR,86
CS377,Fall,2021,Assignment2,fk7USWbA60,93
CS377,Fall,2021,Assignment2,Xo3aGKAsfE,99
CS377,Fall,2021,Assignment2,q24FfeogSR,86
CS377,Fall,2021,Assignment2,1aRjlUAYpO,30
CS377,Fall,2021,Assignment2,WUMHFJy3AG,41
CS377,Fall,2021,Assignment2,ujARr06uDs,91
CS377,Fall,2021,Assignment2,RtDWbzvtoo,34
CS377,Fall,2021,Assignment2,bCSKEQsp82,68
CS171,Fall,2017,Assignment3,A1Kcf8Z1u3,70
CS171,Fall,2017,Assignment3,Rjuqf7P3nX,94
CS171,Fall,2017,Assignment3,ECk9NPOnC1,97
CS171,Fall,2017,Assignment3,0nYGfSzH52,27
CS171,Fall,2017,Assignment3,8BdlWK9mvn,63
CS171,Fall,2017,Assignment3,hEp6l3yRkB,73
CS171,Fall,2017,Assignment3,vrSPzDaBog,64
CS171,Fall,2017,Assignment3,yVEE6glmyP,90
CS171,Fall,2017,Assignment3,4D8d5NFQey,69
CS171,Fall,2017,Assignment3,tmil3gYi8I,92
CS171,Fall,2017,Assignment3,stB2damzF1,70
CS171,Fall,2017,Assignment3,Q5zYQSo07T,40
CS171,Fall,2018,Assignment3,WJrWAidLZ5,100
CS171,Fall,2018,Assignment3,l8fb19WIds,92
CS171,Fall,2018,Assignment3,DlK1RDF6DZ,51
CS171,Fall,2018,Assignment3,s8jX7v1r9L,64
CS171,Fall,2018,Assignment3,qSaWq5Khmt,68
CS171,Fall,2018,Assignment3,JEdJCRTwMu,97
CS171,Fall,2018,Assignment3,LbOIaCTwOR,89
CS171,Fall,2018,Assignment3,F8SGo1rfbJ,53
CS171,Fall,2018,Assignment3,aDQQtN7BnB,72
CS171,Fall,2018,Assignment3,w4xX1lvTG7,92
CS171,Fall,2018,Assignment3,ixYZCGpl5D,86
CS171,Fall,2018,Assignment3,iep724zbM3,87
CS171,Fall,2018,Assignment3,rRMSF0EH7d,68
CS171,Fall,2018,Assignment3,EWUS9AaKts,54
CS377,Spring,2019,Homework3,A1Kcf8Z1u3,98
CS377,Spring,2019,Homework3,Rjuqf7P3nX,86
CS377,Spring,2019,Homework3,ECk9NPOnC1,88
CS377,Spring,2019,Homework3,0nYGfSzH52,57
CS377,Spring,2019,Homework3,8BdlWK9mvn,41
CS377,Spring,2019,Homework3,hEp6l3yRkB,96
CS377,Spring,2019,Homework3,vrSPzDaBog,65
CS377,Spring,2019,Homework3,yVEE6glmyP,26
CS377,Spring,2019,Homework3,4D8d5NFQey,56
CS377,Spring,2019,Homework3,tmil3gYi8I,99
CS377,Spring,2019,Homework3,stB2damzF1,67
CS377,Spring,2019,Homework3,Q5zYQSo07T,83
CS377,Spring,2019,Homework3,s8jX7v1r9L,49
CS377,Spring,2019,Homework3,qSaWq5Khmt,42
CS377,Spring,2019,Homework3,JEdJCRTwMu,62
CS377,Spring,2019,Homework3,LbOIaCTwOR,46
CS377,Spring,2019,Homework3,F8SGo1rfbJ,89
CS377,Spring,2019,Homework3,aDQQtN7BnB,58
CS377,Spring,2019,Homework3,w4xX1lvTG7,58
CS377,Spring,2019,Homework3,ixYZCGpl5D,22
CS171,Fall,2019,Assignment3,tmt3aPs20s,96
CS171,Fall,2019,Assignment3,QrcaEXMLnx,76
CS171,Fall,2019,Assignment3,VxX7KCsBEi,70
CS171,Fall,2019,Assignment3,PiQvBSPut9,66
CS171,Fall,2019,Assignment3,MvygDkC5GZ,36
CS171,Fall,2019,Assignment3,pSE2USVUGe,88
CS171,Fall,2019,Assignment3,uZfhzJCf3Q,48
CS171,Fall,2019,Assignment3,2ruNWPmicg,49
CS171,Fall,2019,Assignment3,5xTn7laQAz,41
CS171,Fall,2019,Assignment3,UPLEFa48ob,88
CS171,Fall,2019,Assignment3,g0aGB2MNq6,71
CS171,Fall,2019,Assignment3,vMCwbZJ5UI,93
CS171,Fall,2019,Assignment3,P80TDV5kec,55
CS171,Fall,2019,Assignment3,UX8dL9oWOH,45
CS171,Fall,2019,Assignment3,erGZXNCSa8,71
CS171,Fall,2019,Assignment3,aKtF7xlCj,92
CS171,Fall,2019,Assignment3,OcbMCqoATE,59
CS171,Fall,2019,Assignment3,Ki437ImMiB,56
CS171,Fall,2019,Assignment3,VkA4Ln4RP8,30
CS171,Fall,2019,Assignment3,Vv5mvmR93y,55
CS171,Fall,2019,Assignment3,9mCMQL1myp,47
CS171,Fall,2019,Assignment3,FGVfybCruk,40
CS171,Fall,2019,Assignment3,ybgAEICak2,37
CS377,Spring,2020,Assignment3,WJrWAidLZ5,90
CS377,Spring,2020,Assignment3,tmt3aPs20s,60
CS377,Spring,2020,Assignment3,PiQvBSPut9,78
CS377,Spring,2020,Assignment3,pSE2USVUGe,96
CS377,Spring,2020,Assignment3,uZfhzJCf3Q,86
CS377,Spring,2020,Assignment3,2ruNWPmicg,66
CS377,Spring,2020,Assignment3,5xTn7laQAz,92
CS377,Spring,2020,Assignment3,UPLEFa48ob,86
CS377,Spring,2020,Assignment3,g0aGB2MNq6,82
CS377,Spring,2020,Assignment3,vMCwbZJ5UI,99
CS377,Spring,2020,Assignment3,P80TDV5kec,53
CS377,Spring,2020,Assignment3,UX8dL9oWOH,74
CS377,Spring,2020,Assignment3,erGZXNCSa8,90
CS377,Spring,2020,Assignment3,aKtF7xlCj,91
CS377,Spring,2020,Assignment3,OcbMCqoATE,92
CS377,Spring,2020,Assignment3,Ki437ImMiB,83
CS377,Spring,2020,Assignment3,VkA4Ln4RP8,52
CS377,Spring,2020,Assignment3,Vv5mvmR93y,79
CS377,Spring,2020,Assignment3,9mCMQL1myp,97
CS171,Fall,2020,Midterm,8uv1aK9btU,26
CS171,Fall,2020,Midterm,cp5asEx6KR,48
CS171,Fall,2020,Midterm,RxNqRHaaoI,35
CS171,Fall,2020,Midterm,AnRRwDoMFm,20
CS171,Fall,2020,Midterm,RwKSObZt8b,44
CS171,Fall,2020,Midterm,QVsfnLS8nP,29
CS171,Fall,2020,Midterm,piajOfWMIT,27
CS171,Fall,2020,Midterm,lKOmgoDP5M,30
CS171,Fall,2020,Midterm,xrWlqSyLPV,38
CS171,Fall,2020,Midterm,k4hG2bKBi2,45
CS171,Fall,2020,Midterm,OhfDW5FQet,27
CS171,Fall,2020,Midterm,0Bb2zMzQAL,10
CS171,Fall,2020,Midterm,qjAClhRo8T,16
CS171,Fall,2020,Midterm,MMNPTkNHZg,43
CS171,Fall,2020,Midterm,v9ksRoAENe,36
CS171,Fall,2020,Midterm,I8k5HwpLlU,21
CS171,Fall,2020,Midterm,pAA8hhbaAf,7
CS171,Fall,2020,Midterm,kJQAvxlegv,19
CS171,Fall,2020,Midterm,l8Ck5AEii7,48
CS171,Fall,2020,Midterm,EIBGkZJ8LU,49
CS171,Fall,2020,Midterm,WVztzxaqG1,33
CS171,Fall,2020,Midterm,nlNo3Ifie2,6
CS171,Fall,2020,Midterm,fe20lUruvB,8
CS171,Fall,2020,Midterm,q24FfeogSR,32
CS171,Fall,2020,Midterm,1aRjlUAYpO,47
CS171,Fall,2020,Midterm,WUMHFJy3AG,8
CS171,Fall,2020,Midterm,ujARr06uDs,22
CS171,Fall,2020,Midterm,RtDWbzvtoo,50
CS171,Fall,2020,Midterm,bCSKEQsp82,9
CS377,Spring,2021,Assignment3,xshALL98rR,67
CS377,Spring,2021,Assignment3,8uv1aK9btU,94
CS377,Spring,2021,Assignment3,cp5asEx6KR,100
CS377,Spring,2021,Assignment3,RxNqRHaaoI,79
CS377,Spring,2021,Assignment3,AnRRwDoMFm,85
CS377,Spring,2021,Assignment3,RwKSObZt8b,100
CS377,Spring,2021,Assignment3,QVsfnLS8nP,80
CS377,Spring,2021,Assignment3,qjAClhRo8T,76
CS377,Spring,2021,Assignment3,MMNPTkNHZg,59
CS377,Spring,2021,Assignment3,v9ksRoAENe,90
CS377,Spring,2021,Assignment3,I8k5HwpLlU,51
CS377,Spring,2021,Assignment3,pAA8hhbaAf,49
CS377,Spring,2021,Assignment3,kJQAvxlegv,72
CS377,Spring,2021,Assignment3,l8Ck5AEii7,49
CS377,Spring,2021,Assignment3,EIBGkZJ8LU,89
CS377,Spring,2021,Assignment3,WVztzxaqG1,98
CS377,Spring,2021,Assignment3,nlNo3Ifie2,74
CS377,Spring,2021,Assignment3,fe20lUruvB,48
CS377,Spring,2021,Assignment3,k4hG2bKBi2,68
CS377,Spring,2021,Assignment3,OhfDW5FQet,79
CS171,Fall,2021,Assignment3,qBhsb9AT1D,97
CS171,Fall,2021,Assignment3,wUSNkrt2i7,77
CS171,Fall,2021,Assignment3,YXCMIivcy6,97
CS171,Fall,2021,Assignment3,loWO7ep40W,96
CS171,Fall,2021,Assignment3,AyZm6kgtLQ,89
CS171,Fall,2021,Assignment3,RCkC4TjYNZ,92
CS171,Fall,2021,Assignment3,SGDgfAoZn8,97
CS171,Fall,2021,Assignment3,UuUxEvmxXO,95
CS171,Fall,2021,Assignment3,9wHtriXf8s,89
CS171,Fall,2021,Assignment3,j3BjhOJA0K,65
CS171,Fall,2021,Assignment3,77JVECgA9Y,74
CS171,Fall,2021,Assignment3,LRH33DL7sR,54
CS171,Fall,2021,Assignment3,82rggZxf5c,49
CS171,Fall,2021,Assignment3,ffD2jzc574,55
CS171,Fall,2021,Assignment3,zMdmtuvTDn,85
CS171,Fall,2021,Assignment3,4RygfhpS1h,68
CS171,Fall,2021,Assignment3,WW56HAP2R1,45
CS171,Fall,2021,Assignment3,Sx6sqg2Av5,46
CS171,Fall,2021,Assignment3,Oojd410rxz,69
CS377,Fall,2021,Assignment3,bSZa17FK2l,89
CS377,Fall,2021,Assignment3,A3mMrNEFsy,68
CS377,Fall,2021,Assignment3,ize3lkeNiR,94
CS377,Fall,2021,Assignment3,fk7USWbA60,87
CS377,Fall,2021,Assignment3,Xo3aGKAsfE,67
CS377,Fall,2021,Assignment3,q24FfeogSR,87
CS377,Fall,2021,Assignment3,1aRjlUAYpO,52
CS377,Fall,2021,Assignment3,WUMHFJy3AG,45
CS377,Fall,2021,Assignment3,ujARr06uDs,66
CS377,Fall,2021,Assignment3,RtDWbzvtoo,46
CS377,Fall,2021,Assignment3,bCSKEQsp82,98
CS171,Fall,2017,Assignment4,A1Kcf8Z1u3,83
CS171,Fall,2017,Assignment4,Rjuqf7P3nX,67
CS171,Fall,2017,Assignment4,ECk9NPOnC1,94
CS171,Fall,2017,Assignment4,0nYGfSzH52,33
CS171,Fall,2017,Assignment4,8BdlWK9mvn,56
CS171,Fall,2017,Assignment4,hEp6l3yRkB,68
CS171,Fall,2017,Assignment4,vrSPzDaBog,47
CS171,Fall,2017,Assignment4,yVEE6glmyP,67
CS171,Fall,2017,Assignment4,4D8d5NFQey,94
CS171,Fall,2017,Assignment4,tmil3gYi8I,54
CS171,Fall,2017,Assignment4,stB2damzF1,50
CS171,Fall,2017,Assignment4,Q5zYQSo07T,77
CS171,Fall,2018,Assignment4,WJrWAidLZ5,72
CS171,Fall,2018,Assignment4,l8fb19WIds,88
CS171,Fall,2018,Assignment4,DlK1RDF6DZ,72
CS171,Fall,2018,Assignment4,s8jX7v1r9L,35
CS171,Fall,2018,Assignment4,qSaWq5Khmt,50
CS171,Fall,2018,Assignment4,JEdJCRTwMu,78
CS171,Fall,2018,Assignment4,LbOIaCTwOR,94
CS171,Fall,2018,Assignment4,F8SGo1rfbJ,92
CS171,Fall,2018,Assignment4,aDQQtN7BnB,65
CS171,Fall,2018,Assignment4,w4xX1lvTG7,39
CS171,Fall,2018,Assignment4,ixYZCGpl5D,66
CS171,Fall,2018,Assignment4,iep724zbM3,35
CS171,Fall,2018,Assignment4,rRMSF0EH7d,64
CS171,Fall,2018,Assignment4,EWUS9AaKts,98
CS377,Spring,2019,Midterm,A1Kcf8Z1u3,88
CS377,Spring,2019,Midterm,Rjuqf7P3nX,78
CS377,Spring,2019,Midterm,ECk9NPOnC1,93
CS377,Spring,2019,Midterm,0nYGfSzH52,26
CS377,Spring,2019,Midterm,8BdlWK9mvn,74
CS377,Spring,2019,Midterm,hEp6l3yRkB,41
CS377,Spring,2019,Midterm,vrSPzDaBog,75
CS377,Spring,2019,Midterm,yVEE6glmyP,97
CS377,Spring,2019,Midterm,4D8d5NFQey,63
CS377,Spring,2019,Midterm,tmil3gYi8I,62
CS377,Spring,2019,Midterm,stB2damzF1,88
CS377,Spring,2019,Midterm,Q5zYQSo07T,93
CS377,Spring,2019,Midterm,s8jX7v1r9L,91
CS377,Spring,2019,Midterm,qSaWq5Khmt,64
CS377,Spring,2019,Midterm,JEdJCRTwMu,45
CS377,Spring,2019,Midterm,LbOIaCTwOR,81
CS377,Spring,2019,Midterm,F8SGo1rfbJ,31
CS377,Spring,2019,Midterm,aDQQtN7BnB,54
CS377,Spring,2019,Midterm,w4xX1lvTG7,83
CS377,Spring,2019,Midterm,ixYZCGpl5D,32
CS171,Fall,2019,Assignment4,tmt3aPs20s,88
CS171,Fall,2019,Assignment4,QrcaEXMLnx,55
CS171,Fall,2019,Assignment4,VxX7KCsBEi,97
CS171,Fall,2019,Assignment4,PiQvBSPut9,67
CS171,Fall,2019,Assignment4,MvygDkC5GZ,76
CS171,Fall,2019,Assignment4,pSE2USVUGe,67
CS171,Fall,2019,Assignment4,uZfhzJCf3Q,64
CS171,Fall,2019,Assignment4,2ruNWPmicg,77
CS171,Fall,2019,Assignment4,5xTn7laQAz,25
CS171,Fall,2019,Assignment4,UPLEFa48ob,62
CS171,Fall,2019,Assignment4,g0aGB2MNq6,56
CS171,Fall,2019,Assignment4,vMCwbZJ5UI,75
CS171,Fall,2019,Assignment4,P80TDV5kec,64
CS171,Fall,2019,Assignment4,UX8dL9oWOH,97
CS171,Fall,2019,Assignment4,erGZXNCSa8,22
CS171,Fall,2019,Assignment4,aKtF7xlCj,26
CS171,Fall,2019,Assignment4,OcbMCqoATE,56
CS171,Fall,2019,Assignment4,Ki437ImMiB,65
CS171,Fall,2019,Assignment4,VkA4Ln4RP8,23
CS171,Fall,2019,Assignment4,Vv5mvmR93y,84
CS171,Fall,2019,Assignment4,9mCMQL1myp,24
CS171,Fall,2019,Assignment4,FGVfybCruk,99
CS171,Fall,2019,Assignment4,ybgAEICak2,85
CS377,Spring,2020,Assignment4,WJrWAidLZ5,74
CS377,Spring,2020,Assignment4,tmt3aPs20s,96
CS377,Spring,2020,Assignment4,PiQvBSPut9,59
CS377,Spring,2020,Assignment4,pSE2USVUGe,51
CS377,Spring,2020,Assignment4,uZfhzJCf3Q,47
CS377,Spring,2020,Assignment4,2ruNWPmicg,93
CS377,Spring,2020,Assignment4,5xTn7laQAz,46
CS377,Spring,2020,Assignment4,UPLEFa48ob,90
CS377,Spring,2020,Assignment4,g0aGB2MNq6,45
CS377,Spring,2020,Assignment4,vMCwbZJ5UI,85
CS377,Spring,2020,Assignment4,P80TDV5kec,56
CS377,Spring,2020,Assignment4,UX8dL9oWOH,62
CS377,Spring,2020,Assignment4,erGZXNCSa8,86
CS377,Spring,2020,Assignment4,aKtF7xlCj,47
CS377,Spring,2020,Assignment4,OcbMCqoATE,77
CS377,Spring,2020,Assignment4,Ki437ImMiB,62
CS377,Spring,2020,Assignment4,VkA4Ln4RP8,93
CS377,Spring,2020,Assignment4,Vv5mvmR93y,87
CS377,Spring,2020,Assignment4,9mCMQL1myp,48
CS171,Fall,2020,Project3,8uv1aK9btU,98
CS171,Fall,2020,Project3,cp5asEx6KR,69
CS171,Fall,2020,Project3,RxNqRHaaoI,67
CS171,Fall,2020,Project3,AnRRwDoMFm,95
CS171,Fall,2020,Project3,RwKSObZt8b,82
CS171,Fall,2020,Project3,QVsfnLS8nP,92
CS171,Fall,2020,Project3,piajOfWMIT,86
CS171,Fall,2020,Project3,lKOmgoDP5M,71
CS171,Fall,2020,Project3,xrWlqSyLPV,100
CS171,Fall,2020,Project3,k4hG2bKBi2,72
CS171,Fall,2020,Project3,OhfDW5FQet,84
CS171,Fall,2020,Project3,0Bb2zMzQAL,61
CS171,Fall,2020,Project3,qjAClhRo8T,60
CS171,Fall,2020,Project3,MMNPTkNHZg,74
CS171,Fall,2020,Project3,v9ksRoAENe,49
CS171,Fall,2020,Project3,I8k5HwpLlU,91
CS171,Fall,2020,Project3,pAA8hhbaAf,99
CS171,Fall,2020,Project3,kJQAvxlegv,100
CS171,Fall,2020,Project3,l8Ck5AEii7,87
CS171,Fall,2020,Project3,EIBGkZJ8LU,64
CS171,Fall,2020,Project3,WVztzxaqG1,77
CS171,Fall,2020,Project3,nlNo3Ifie2,81
CS171,Fall,2020,Project3,fe20lUruvB,50
CS171,Fall,2020,Project3,q24FfeogSR,56
CS171,Fall,2020,Project3,1aRjlUAYpO,88
CS171,Fall,2020,Project3,WUMHFJy3AG,85
CS171,Fall,2020,Project3,ujARr06uDs,80
CS171,Fall,2020,Project3,RtDWbzvtoo,78
CS171,Fall,2020,Project3,bCSKEQsp82,56
CS377,Spring,2021,Assignment4,xshALL98rR,89
CS377,Spring,2021,Assignment4,8uv1aK9btU,76
CS377,Spring,2021,Assignment4,cp5asEx6KR,89
CS377,Spring,2021,Assignment4,RxNqRHaaoI,94
CS377,Spring,2021,Assignment4,AnRRwDoMFm,62
CS377,Spring,2021,Assignment4,RwKSObZt8b,73
CS377,Spring,2021,Assignment4,QVsfnLS8nP,82
CS377,Spring,2021,Assignment4,qjAClhRo8T,62
CS377,Spring,2021,Assignment4,MMNPTkNHZg,60
CS377,Spring,2021,Assignment4,v9ksRoAENe,79
CS377,Spring,2021,Assignment4,I8k5HwpLlU,67
CS377,Spring,2021,Assignment4,pAA8hhbaAf,59
CS377,Spring,2021,Assignment4,kJQAvxlegv,73
CS377,Spring,2021,Assignment4,l8Ck5AEii7,60
CS377,Spring,2021,Assignment4,EIBGkZJ8LU,76
CS377,Spring,2021,Assignment4,WVztzxaqG1,59
CS377,Spring,2021,Assignment4,nlNo3Ifie2,72
CS377,Spring,2021,Assignment4,fe20lUruvB,70
CS377,Spring,2021,Assignment4,k4hG2bKBi2,57
CS377,Spring,2021,Assignment4,OhfDW5FQet,80
CS171,Fall,2021,Midterm,qBhsb9AT1D,30
CS171,Fall,2021,Midterm,wUSNkrt2i7,42
CS171,Fall,2021,Midterm,YXCMIivcy6,28
CS171,Fall,2021,Midterm,loWO7ep40W,52
CS171,Fall,2021,Midterm,AyZm6kgtLQ,49
CS171,Fall,2021,Midterm,RCkC4TjYNZ,28
CS171,Fall,2021,Midterm,SGDgfAoZn8,59
CS171,Fall,2021,Midterm,UuUxEvmxXO,56
CS171,Fall,2021,Midterm,9wHtriXf8s,22
CS171,Fall,2021,Midterm,j3BjhOJA0K,34
CS171,Fall,2021,Midterm,77JVECgA9Y,34
CS171,Fall,2021,Midterm,LRH33DL7sR,29
CS171,Fall,2021,Midterm,82rggZxf5c,42
CS171,Fall,2021,Midterm,ffD2jzc574,46
CS171,Fall,2021,Midterm,zMdmtuvTDn,43
CS171,Fall,2021,Midterm,4RygfhpS1h,28
CS171,Fall,2021,Midterm,WW56HAP2R1,24
CS171,Fall,2021,Midterm,Sx6sqg2Av5,56
CS171,Fall,2021,Midterm,Oojd410rxz,50
CS377,Fall,2021,Midterm,bSZa17FK2l,89
CS377,Fall,2021,Midterm,A3mMrNEFsy,58
CS377,Fall,2021,Midterm,ize3lkeNiR,86
CS377,Fall,2021,Midterm,fk7USWbA60,63
CS377,Fall,2021,Midterm,Xo3aGKAsfE,65
CS377,Fall,2021,Midterm,q24FfeogSR,45
CS377,Fall,2021,Midterm,1aRjlUAYpO,79
CS377,Fall,2021,Midterm,WUMHFJy3AG,38
CS377,Fall,2021,Midterm,ujARr06uDs,88
CS377,Fall,2021,Midterm,RtDWbzvtoo,100
CS377,Fall,2021,Midterm,bCSKEQsp82,55
CS171,Fall,2017,Midterm1,A1Kcf8Z1u3,47
CS171,Fall,2017,Midterm1,Rjuqf7P3nX,24
CS171,Fall,2017,Midterm1,ECk9NPOnC1,43
CS171,Fall,2017,Midterm1,0nYGfSzH52,20
CS171,Fall,2017,Midterm1,8BdlWK9mvn,55
CS171,Fall,2017,Midterm1,hEp6l3yRkB,57
CS171,Fall,2017,Midterm1,vrSPzDaBog,57
CS171,Fall,2017,Midterm1,yVEE6glmyP,20
CS171,Fall,2017,Midterm1,4D8d5NFQey,31
CS171,Fall,2017,Midterm1,tmil3gYi8I,41
CS171,Fall,2017,Midterm1,stB2damzF1,41
CS171,Fall,2017,Midterm1,Q5zYQSo07T,30
CS171,Fall,2018,Midterm1,WJrWAidLZ5,27
CS171,Fall,2018,Midterm1,l8fb19WIds,55
CS171,Fall,2018,Midterm1,DlK1RDF6DZ,40
CS171,Fall,2018,Midterm1,s8jX7v1r9L,21
CS171,Fall,2018,Midterm1,qSaWq5Khmt,29
CS171,Fall,2018,Midterm1,JEdJCRTwMu,45
CS171,Fall,2018,Midterm1,LbOIaCTwOR,35
CS171,Fall,2018,Midterm1,F8SGo1rfbJ,26
CS171,Fall,2018,Midterm1,aDQQtN7BnB,47
CS171,Fall,2018,Midterm1,w4xX1lvTG7,25
CS171,Fall,2018,Midterm1,ixYZCGpl5D,36
CS171,Fall,2018,Midterm1,iep724zbM3,20
CS171,Fall,2018,Midterm1,rRMSF0EH7d,48
CS171,Fall,2018,Midterm1,EWUS9AaKts,22
CS377,Spring,2019,Homework4,A1Kcf8Z1u3,67
CS377,Spring,2019,Homework4,Rjuqf7P3nX,74
CS377,Spring,2019,Homework4,ECk9NPOnC1,69
CS377,Spring,2019,Homework4,0nYGfSzH52,75
CS377,Spring,2019,Homework4,8BdlWK9mvn,77
CS377,Spring,2019,Homework4,hEp6l3yRkB,26
CS377,Spring,2019,Homework4,vrSPzDaBog,88
CS377,Spring,2019,Homework4,yVEE6glmyP,94
CS377,Spring,2019,Homework4,4D8d5NFQey,36
CS377,Spring,2019,Homework4,tmil3gYi8I,43
CS377,Spring,2019,Homework4,stB2damzF1,85
CS377,Spring,2019,Homework4,Q5zYQSo07T,67
CS377,Spring,2019,Homework4,s8jX7v1r9L,39
CS377,Spring,2019,Homework4,qSaWq5Khmt,45
CS377,Spring,2019,Homework4,JEdJCRTwMu,70
CS377,Spring,2019,Homework4,LbOIaCTwOR,45
CS377,Spring,2019,Homework4,F8SGo1rfbJ,91
CS377,Spring,2019,Homework4,aDQQtN7BnB,90
CS377,Spring,2019,Homework4,w4xX1lvTG7,62
CS377,Spring,2019,Homework4,ixYZCGpl5D,39
CS171,Fall,2019,Midterm1,tmt3aPs20s,33
CS171,Fall,2019,Midterm1,QrcaEXMLnx,56
CS171,Fall,2019,Midterm1,VxX7KCsBEi,44
CS171,Fall,2019,Midterm1,PiQvBSPut9,30
CS171,Fall,2019,Midterm1,MvygDkC5GZ,31
CS171,Fall,2019,Midterm1,pSE2USVUGe,36
CS171,Fall,2019,Midterm1,uZfhzJCf3Q,38
CS171,Fall,2019,Midterm1,2ruNWPmicg,58
CS171,Fall,2019,Midterm1,5xTn7laQAz,27
CS171,Fall,2019,Midterm1,UPLEFa48ob,46
CS171,Fall,2019,Midterm1,g0aGB2MNq6,26
CS171,Fall,2019,Midterm1,vMCwbZJ5UI,29
CS171,Fall,2019,Midterm1,P80TDV5kec,49
CS171,Fall,2019,Midterm1,UX8dL9oWOH,24
CS171,Fall,2019,Midterm1,erGZXNCSa8,34
CS171,Fall,2019,Midterm1,aKtF7xlCj,48
CS171,Fall,2019,Midterm1,OcbMCqoATE,34
CS171,Fall,2019,Midterm1,Ki437ImMiB,25
CS171,Fall,2019,Midterm1,VkA4Ln4RP8,46
CS171,Fall,2019,Midterm1,Vv5mvmR93y,52
CS171,Fall,2019,Midterm1,9mCMQL1myp,54
CS171,Fall,2019,Midterm1,FGVfybCruk,34
CS171,Fall,2019,Midterm1,ybgAEICak2,60
CS377,Spring,2020,Midterm,WJrWAidLZ5,97
CS377,Spring,2020,Midterm,tmt3aPs20s,66
CS377,Spring,2020,Midterm,PiQvBSPut9,71
CS377,Spring,2020,Midterm,pSE2USVUGe,70
CS377,Spring,2020,Midterm,uZfhzJCf3Q,55
CS377,Spring,2020,Midterm,2ruNWPmicg,49
CS377,Spring,2020,Midterm,5xTn7laQAz,95
CS377,Spring,2020,Midterm,UPLEFa48ob,84
CS377,Spring,2020,Midterm,g0aGB2MNq6,87
CS377,Spring,2020,Midterm,vMCwbZJ5UI,93
CS377,Spring,2020,Midterm,P80TDV5kec,67
CS377,Spring,2020,Midterm,UX8dL9oWOH,56
CS377,Spring,2020,Midterm,erGZXNCSa8,68
CS377,Spring,2020,Midterm,aKtF7xlCj,63
CS377,Spring,2020,Midterm,OcbMCqoATE,82
CS377,Spring,2020,Midterm,Ki437ImMiB,51
CS377,Spring,2020,Midterm,VkA4Ln4RP8,65
CS377,Spring,2020,Midterm,Vv5mvmR93y,59
CS377,Spring,2020,Midterm,9mCMQL1myp,72
CS171,Fall,2020,Project4,8uv1aK9btU,91
CS171,Fall,2020,Project4,cp5asEx6KR,97
CS171,Fall,2020,Project4,RxNqRHaaoI,53
CS171,Fall,2020,Project4,AnRRwDoMFm,50
CS171,Fall,2020,Project4,RwKSObZt8b,60
CS171,Fall,2020,Project4,QVsfnLS8nP,99
CS171,Fall,2020,Project4,piajOfWMIT,99
CS171,Fall,2020,Project4,lKOmgoDP5M,50
CS171,Fall,2020,Project4,xrWlqSyLPV,72
CS171,Fall,2020,Project4,k4hG2bKBi2,89
CS171,Fall,2020,Project4,OhfDW5FQet,61
CS171,Fall,2020,Project4,0Bb2zMzQAL,89
CS171,Fall,2020,Project4,qjAClhRo8T,75
CS171,Fall,2020,Project4,MMNPTkNHZg,78
CS171,Fall,2020,Project4,v9ksRoAENe,93
CS171,Fall,2020,Project4,I8k5HwpLlU,92
CS171,Fall,2020,Project4,pAA8hhbaAf,71
CS171,Fall,2020,Project4,kJQAvxlegv,87
CS171,Fall,2020,Project4,l8Ck5AEii7,67
CS171,Fall,2020,Project4,EIBGkZJ8LU,46
CS171,Fall,2020,Project4,WVztzxaqG1,51
CS171,Fall,2020,Project4,nlNo3Ifie2,88
CS171,Fall,2020,Project4,fe20lUruvB,65
CS171,Fall,2020,Project4,q24FfeogSR,86
CS171,Fall,2020,Project4,1aRjlUAYpO,79
CS171,Fall,2020,Project4,WUMHFJy3AG,75
CS171,Fall,2020,Project4,ujARr06uDs,57
CS171,Fall,2020,Project4,RtDWbzvtoo,89
CS171,Fall,2020,Project4,bCSKEQsp82,72
CS377,Spring,2021,Midterm,xshALL98rR,98
CS377,Spring,2021,Midterm,8uv1aK9btU,62
CS377,Spring,2021,Midterm,cp5asEx6KR,77
CS377,Spring,2021,Midterm,RxNqRHaaoI,86
CS377,Spring,2021,Midterm,AnRRwDoMFm,93
CS377,Spring,2021,Midterm,RwKSObZt8b,93
CS377,Spring,2021,Midterm,QVsfnLS8nP,54
CS377,Spring,2021,Midterm,qjAClhRo8T,46
CS377,Spring,2021,Midterm,MMNPTkNHZg,58
CS377,Spring,2021,Midterm,v9ksRoAENe,84
CS377,Spring,2021,Midterm,I8k5HwpLlU,81
CS377,Spring,2021,Midterm,pAA8hhbaAf,81
CS377,Spring,2021,Midterm,kJQAvxlegv,74
CS377,Spring,2021,Midterm,l8Ck5AEii7,62
CS377,Spring,2021,Midterm,EIBGkZJ8LU,45
CS377,Spring,2021,Midterm,WVztzxaqG1,95
CS377,Spring,2021,Midterm,nlNo3Ifie2,96
CS377,Spring,2021,Midterm,fe20lUruvB,62
CS377,Spring,2021,Midterm,k4hG2bKBi2,78
CS377,Spring,2021,Midterm,OhfDW5FQet,68
CS171,Fall,2021,Assignment4,qBhsb9AT1D,82
CS171,Fall,2021,Assignment4,wUSNkrt2i7,50
CS171,Fall,2021,Assignment4,YXCMIivcy6,61
CS171,Fall,2021,Assignment4,loWO7ep40W,65
CS171,Fall,2021,Assignment4,AyZm6kgtLQ,67
CS171,Fall,2021,Assignment4,RCkC4TjYNZ,50
CS171,Fall,2021,Assignment4,SGDgfAoZn8,43
CS171,Fall,2021,Assignment4,UuUxEvmxXO,76
CS171,Fall,2021,Assignment4,9wHtriXf8s,46
CS171,Fall,2021,Assignment4,j3BjhOJA0K,43
CS171,Fall,2021,Assignment4,77JVECgA9Y,60
CS171,Fall,2021,Assignment4,LRH33DL7sR,43
CS171,Fall,2021,Assignment4,82rggZxf5c,68
CS171,Fall,2021,Assignment4,ffD2jzc574,80
CS171,Fall,2021,Assignment4,zMdmtuvTDn,70
CS171,Fall,2021,Assignment4,4RygfhpS1h,87
CS171,Fall,2021,Assignment4,WW56HAP2R1,31
CS171,Fall,2021,Assignment4,Sx6sqg2Av5,89
CS171,Fall,2021,Assignment4,Oojd410rxz,81
CS377,Fall,2021,Assignment4,bSZa17FK2l,94
CS377,Fall,2021,Assignment4,A3mMrNEFsy,56
CS377,Fall,2021,Assignment4,ize3lkeNiR,92
CS377,Fall,2021,Assignment4,fk7USWbA60,83
CS377,Fall,2021,Assignment4,Xo3aGKAsfE,85
CS377,Fall,2021,Assignment4,q24FfeogSR,40
CS377,Fall,2021,Assignment4,1aRjlUAYpO,67
CS377,Fall,2021,Assignment4,WUMHFJy3AG,93
CS377,Fall,2021,Assignment4,ujARr06uDs,92
CS377,Fall,2021,Assignment4,RtDWbzvtoo,60
CS377,Fall,2021,Assignment4,bCSKEQsp82,60
CS171,Fall,2017,Assignment5,A1Kcf8Z1u3,93
CS171,Fall,2017,Assignment5,Rjuqf7P3nX,73
CS171,Fall,2017,Assignment5,ECk9NPOnC1,86
CS171,Fall,2017,Assignment5,0nYGfSzH52,80
CS171,Fall,2017,Assignment5,8BdlWK9mvn,46
CS171,Fall,2017,Assignment5,hEp6l3yRkB,83
CS171,Fall,2017,Assignment5,vrSPzDaBog,56
CS171,Fall,2017,Assignment5,yVEE6glmyP,29
CS171,Fall,2017,Assignment5,4D8d5NFQey,92
CS171,Fall,2017,Assignment5,tmil3gYi8I,22
CS171,Fall,2017,Assignment5,stB2damzF1,22
CS171,Fall,2017,Assignment5,Q5zYQSo07T,62
CS171,Fall,2018,Assignment5,WJrWAidLZ5,100
CS171,Fall,2018,Assignment5,l8fb19WIds,82
CS171,Fall,2018,Assignment5,DlK1RDF6DZ,67
CS171,Fall,2018,Assignment5,s8jX7v1r9L,76
CS171,Fall,2018,Assignment5,qSaWq5Khmt,77
CS171,Fall,2018,Assignment5,JEdJCRTwMu,92
CS171,Fall,2018,Assignment5,LbOIaCTwOR,41
CS171,Fall,2018,Assignment5,F8SGo1rfbJ,53
CS171,Fall,2018,Assignment5,aDQQtN7BnB,77
CS171,Fall,2018,Assignment5,w4xX1lvTG7,99
CS171,Fall,2018,Assignment5,ixYZCGpl5D,73
CS171,Fall,2018,Assignment5,iep724zbM3,96
CS171,Fall,2018,Assignment5,rRMSF0EH7d,83
CS171,Fall,2018,Assignment5,EWUS9AaKts,63
CS377,Spring,2019,Homework5,A1Kcf8Z1u3,58
CS377,Spring,2019,Homework5,Rjuqf7P3nX,54
CS377,Spring,2019,Homework5,ECk9NPOnC1,69
CS377,Spring,2019,Homework5,0nYGfSzH52,44
CS377,Spring,2019,Homework5,8BdlWK9mvn,77
CS377,Spring,2019,Homework5,hEp6l3yRkB,23
CS377,Spring,2019,Homework5,vrSPzDaBog,31
CS377,Spring,2019,Homework5,yVEE6glmyP,80
CS377,Spring,2019,Homework5,4D8d5NFQey,46
CS377,Spring,2019,Homework5,tmil3gYi8I,80
CS377,Spring,2019,Homework5,stB2damzF1,29
CS377,Spring,2019,Homework5,Q5zYQSo07T,76
CS377,Spring,2019,Homework5,s8jX7v1r9L,98
CS377,Spring,2019,Homework5,qSaWq5Khmt,30
CS377,Spring,2019,Homework5,JEdJCRTwMu,38
CS377,Spring,2019,Homework5,LbOIaCTwOR,40
CS377,Spring,2019,Homework5,F8SGo1rfbJ,81
CS377,Spring,2019,Homework5,aDQQtN7BnB,40
CS377,Spring,2019,Homework5,w4xX1lvTG7,47
CS377,Spring,2019,Homework5,ixYZCGpl5D,45
CS171,Fall,2019,Assignment5,tmt3aPs20s,86
CS171,Fall,2019,Assignment5,QrcaEXMLnx,36
CS171,Fall,2019,Assignment5,VxX7KCsBEi,47
CS171,Fall,2019,Assignment5,PiQvBSPut9,56
CS171,Fall,2019,Assignment5,MvygDkC5GZ,71
CS171,Fall,2019,Assignment5,pSE2USVUGe,53
CS171,Fall,2019,Assignment5,uZfhzJCf3Q,32
CS171,Fall,2019,Assignment5,2ruNWPmicg,56
CS171,Fall,2019,Assignment5,5xTn7laQAz,42
CS171,Fall,2019,Assignment5,UPLEFa48ob,50
CS171,Fall,2019,Assignment5,g0aGB2MNq6,79
CS171,Fall,2019,Assignment5,vMCwbZJ5UI,23
CS171,Fall,2019,Assignment5,P80TDV5kec,30
CS171,Fall,2019,Assignment5,UX8dL9oWOH,46
CS171,Fall,2019,Assignment5,erGZXNCSa8,78
CS171,Fall,2019,Assignment5,aKtF7xlCj,58
CS171,Fall,2019,Assignment5,OcbMCqoATE,23
CS171,Fall,2019,Assignment5,Ki437ImMiB,58
CS171,Fall,2019,Assignment5,VkA4Ln4RP8,58
CS171,Fall,2019,Assignment5,Vv5mvmR93y,77
CS171,Fall,2019,Assignment5,9mCMQL1myp,84
CS171,Fall,2019,Assignment5,FGVfybCruk,21
CS171,Fall,2019,Assignment5,ybgAEICak2,84
CS377,Spring,2020,Final Exam,WJrWAidLZ5,97
CS377,Spring,2020,Final Exam,tmt3aPs20s,144
CS377,Spring,2020,Final Exam,PiQvBSPut9,114
CS377,Spring,2020,Final Exam,pSE2USVUGe,85
CS377,Spring,2020,Final Exam,uZfhzJCf3Q,124
CS377,Spring,2020,Final Exam,2ruNWPmicg,98
CS377,Spring,2020,Final Exam,5xTn7laQAz,78
CS377,Spring,2020,Final Exam,UPLEFa48ob,99
CS377,Spring,2020,Final Exam,g0aGB2MNq6,54
CS377,Spring,2020,Final Exam,vMCwbZJ5UI,77
CS377,Spring,2020,Final Exam,P80TDV5kec,142
CS377,Spring,2020,Final Exam,UX8dL9oWOH,114
CS377,Spring,2020,Final Exam,erGZXNCSa8,109
CS377,Spring,2020,Final Exam,aKtF7xlCj,142
CS377,Spring,2020,Final Exam,OcbMCqoATE,57
CS377,Spring,2020,Final Exam,Ki437ImMiB,95
CS377,Spring,2020,Final Exam,VkA4Ln4RP8,135
CS377,Spring,2020,Final Exam,Vv5mvmR93y,61
CS377,Spring,2020,Final Exam,9mCMQL1myp,81
CS171,Fall,2020,Project5,8uv1aK9btU,70
CS171,Fall,2020,Project5,cp5asEx6KR,96
CS171,Fall,2020,Project5,RxNqRHaaoI,58
CS171,Fall,2020,Project5,AnRRwDoMFm,94
CS171,Fall,2020,Project5,RwKSObZt8b,77
CS171,Fall,2020,Project5,QVsfnLS8nP,93
CS171,Fall,2020,Project5,piajOfWMIT,93
CS171,Fall,2020,Project5,lKOmgoDP5M,46
CS171,Fall,2020,Project5,xrWlqSyLPV,56
CS171,Fall,2020,Project5,k4hG2bKBi2,47
CS171,Fall,2020,Project5,OhfDW5FQet,87
CS171,Fall,2020,Project5,0Bb2zMzQAL,85
CS171,Fall,2020,Project5,qjAClhRo8T,92
CS171,Fall,2020,Project5,MMNPTkNHZg,62
CS171,Fall,2020,Project5,v9ksRoAENe,64
CS171,Fall,2020,Project5,I8k5HwpLlU,69
CS171,Fall,2020,Project5,pAA8hhbaAf,92
CS171,Fall,2020,Project5,kJQAvxlegv,94
CS171,Fall,2020,Project5,l8Ck5AEii7,95
CS171,Fall,2020,Project5,EIBGkZJ8LU,91
CS171,Fall,2020,Project5,WVztzxaqG1,63
CS171,Fall,2020,Project5,nlNo3Ifie2,80
CS171,Fall,2020,Project5,fe20lUruvB,47
CS171,Fall,2020,Project5,q24FfeogSR,53
CS171,Fall,2020,Project5,1aRjlUAYpO,68
CS171,Fall,2020,Project5,WUMHFJy3AG,48
CS171,Fall,2020,Project5,ujARr06uDs,85
CS171,Fall,2020,Project5,RtDWbzvtoo,46
CS171,Fall,2020,Project5,bCSKEQsp82,54
CS377,Spring,2021,Final Exam,xshALL98rR,103
CS377,Spring,2021,Final Exam,8uv1aK9btU,114
CS377,Spring,2021,Final Exam,cp5asEx6KR,116
CS377,Spring,2021,Final Exam,RxNqRHaaoI,134
CS377,Spring,2021,Final Exam,AnRRwDoMFm,123
CS377,Spring,2021,Final Exam,RwKSObZt8b,120
CS377,Spring,2021,Final Exam,QVsfnLS8nP,67
CS377,Spring,2021,Final Exam,qjAClhRo8T,93
CS377,Spring,2021,Final Exam,MMNPTkNHZg,132
CS377,Spring,2021,Final Exam,v9ksRoAENe,116
CS377,Spring,2021,Final Exam,I8k5HwpLlU,52
CS377,Spring,2021,Final Exam,pAA8hhbaAf,115
CS377,Spring,2021,Final Exam,kJQAvxlegv,68
CS377,Spring,2021,Final Exam,l8Ck5AEii7,84
CS377,Spring,2021,Final Exam,EIBGkZJ8LU,91
CS377,Spring,2021,Final Exam,WVztzxaqG1,109
CS377,Spring,2021,Final Exam,nlNo3Ifie2,146
CS377,Spring,2021,Final Exam,fe20lUruvB,101
CS377,Spring,2021,Final Exam,k4hG2bKBi2,57
CS377,Spring,2021,Final Exam,OhfDW5FQet,105
CS171,Fall,2021,Assignment5,qBhsb9AT1D,
CS171,Fall,2021,Assignment5,wUSNkrt2i7,
CS171,Fall,2021,Assignment5,YXCMIivcy6,
CS171,Fall,2021,Assignment5,loWO7ep40W,
CS171,Fall,2021,Assignment5,AyZm6kgtLQ,
CS171,Fall,2021,Assignment5,RCkC4TjYNZ,
CS171,Fall,2021,Assignment5,SGDgfAoZn8,
CS171,Fall,2021,Assignment5,UuUxEvmxXO,
CS171,Fall,2021,Assignment5,9wHtriXf8s,
CS171,Fall,2021,Assignment5,j3BjhOJA0K,
CS171,Fall,2021,Assignment5,77JVECgA9Y,
CS171,Fall,2021,Assignment5,LRH33DL7sR,
CS171,Fall,2021,Assignment5,82rggZxf5c,
CS171,Fall,2021,Assignment5,ffD2jzc574,
CS171,Fall,2021,Assignment5,zMdmtuvTDn,
CS171,Fall,2021,Assignment5,4RygfhpS1h,
CS171,Fall,2021,Assignment5,WW56HAP2R1,
CS171,Fall,2021,Assignment5,Sx6sqg2Av5,
CS171,Fall,2021,Assignment5,Oojd410rxz,
CS377,Fall,2021,Assignment5,bSZa17FK2l,
CS377,Fall,2021,Assignment5,A3mMrNEFsy,
CS377,Fall,2021,Assignment5,ize3lkeNiR,
CS377,Fall,2021,Assignment5,fk7USWbA60,
CS377,Fall,2021,Assignment5,Xo3aGKAsfE,
CS377,Fall,2021,Assignment5,q24FfeogSR,
CS377,Fall,2021,Assignment5,1aRjlUAYpO,
CS377,Fall,2021,Assignment5,WUMHFJy3AG,
CS377,Fall,2021,Assignment5,ujARr06uDs,
CS377,Fall,2021,Assignment5,RtDWbzvtoo,
CS377,Fall,2021,Assignment5,bCSKEQsp82,
CS171,Fall,2017,Midterm2,A1Kcf8Z1u3,30
CS171,Fall,2017,Midterm2,Rjuqf7P3nX,28
CS171,Fall,2017,Midterm2,ECk9NPOnC1,53
CS171,Fall,2017,Midterm2,0nYGfSzH52,56
CS171,Fall,2017,Midterm2,8BdlWK9mvn,57
CS171,Fall,2017,Midterm2,hEp6l3yRkB,23
CS171,Fall,2017,Midterm2,vrSPzDaBog,33
CS171,Fall,2017,Midterm2,yVEE6glmyP,28
CS171,Fall,2017,Midterm2,4D8d5NFQey,41
CS171,Fall,2017,Midterm2,tmil3gYi8I,41
CS171,Fall,2017,Midterm2,stB2damzF1,56
CS171,Fall,2017,Midterm2,Q5zYQSo07T,47
CS171,Fall,2018,Midterm2,WJrWAidLZ5,55
CS171,Fall,2018,Midterm2,l8fb19WIds,24
CS171,Fall,2018,Midterm2,DlK1RDF6DZ,49
CS171,Fall,2018,Midterm2,s8jX7v1r9L,36
CS171,Fall,2018,Midterm2,qSaWq5Khmt,59
CS171,Fall,2018,Midterm2,JEdJCRTwMu,43
CS171,Fall,2018,Midterm2,LbOIaCTwOR,59
CS171,Fall,2018,Midterm2,F8SGo1rfbJ,43
CS171,Fall,2018,Midterm2,aDQQtN7BnB,53
CS171,Fall,2018,Midterm2,w4xX1lvTG7,30
CS171,Fall,2018,Midterm2,ixYZCGpl5D,53
CS171,Fall,2018,Midterm2,iep724zbM3,47
CS171,Fall,2018,Midterm2,rRMSF0EH7d,28
CS171,Fall,2018,Midterm2,EWUS9AaKts,32
CS377,Spring,2019,Homework6,A1Kcf8Z1u3,98
CS377,Spring,2019,Homework6,Rjuqf7P3nX,58
CS377,Spring,2019,Homework6,ECk9NPOnC1,67
CS377,Spring,2019,Homework6,0nYGfSzH52,25
CS377,Spring,2019,Homework6,8BdlWK9mvn,100
CS377,Spring,2019,Homework6,hEp6l3yRkB,75
CS377,Spring,2019,Homework6,vrSPzDaBog,62
CS377,Spring,2019,Homework6,yVEE6glmyP,55
CS377,Spring,2019,Homework6,4D8d5NFQey,38
CS377,Spring,2019,Homework6,tmil3gYi8I,97
CS377,Spring,2019,Homework6,stB2damzF1,54
CS377,Spring,2019,Homework6,Q5zYQSo07T,43
CS377,Spring,2019,Homework6,s8jX7v1r9L,65
CS377,Spring,2019,Homework6,qSaWq5Khmt,74
CS377,Spring,2019,Homework6,JEdJCRTwMu,24
CS377,Spring,2019,Homework6,LbOIaCTwOR,33
CS377,Spring,2019,Homework6,F8SGo1rfbJ,40
CS377,Spring,2019,Homework6,aDQQtN7BnB,77
CS377,Spring,2019,Homework6,w4xX1lvTG7,72
CS377,Spring,2019,Homework6,ixYZCGpl5D,66
CS171,Fall,2019,Midterm2,tmt3aPs20s,51
CS171,Fall,2019,Midterm2,QrcaEXMLnx,48
CS171,Fall,2019,Midterm2,VxX7KCsBEi,27
CS171,Fall,2019,Midterm2,PiQvBSPut9,26
CS171,Fall,2019,Midterm2,MvygDkC5GZ,23
CS171,Fall,2019,Midterm2,pSE2USVUGe,34
CS171,Fall,2019,Midterm2,uZfhzJCf3Q,48
CS171,Fall,2019,Midterm2,2ruNWPmicg,23
CS171,Fall,2019,Midterm2,5xTn7laQAz,28
CS171,Fall,2019,Midterm2,UPLEFa48ob,39
CS171,Fall,2019,Midterm2,g0aGB2MNq6,59
CS171,Fall,2019,Midterm2,vMCwbZJ5UI,26
CS171,Fall,2019,Midterm2,P80TDV5kec,46
CS171,Fall,2019,Midterm2,UX8dL9oWOH,22
CS171,Fall,2019,Midterm2,erGZXNCSa8,35
CS171,Fall,2019,Midterm2,aKtF7xlCj,29
CS171,Fall,2019,Midterm2,OcbMCqoATE,60
CS171,Fall,2019,Midterm2,Ki437ImMiB,54
CS171,Fall,2019,Midterm2,VkA4Ln4RP8,42
CS171,Fall,2019,Midterm2,Vv5mvmR93y,50
CS171,Fall,2019,Midterm2,9mCMQL1myp,26
CS171,Fall,2019,Midterm2,FGVfybCruk,38
CS171,Fall,2019,Midterm2,ybgAEICak2,50
CS171,Fall,2020,Final Exam,8uv1aK9btU,83
CS171,Fall,2020,Final Exam,cp5asEx6KR,78
CS171,Fall,2020,Final Exam,RxNqRHaaoI,44
CS171,Fall,2020,Final Exam,AnRRwDoMFm,89
CS171,Fall,2020,Final Exam,RwKSObZt8b,95
CS171,Fall,2020,Final Exam,QVsfnLS8nP,119
CS171,Fall,2020,Final Exam,piajOfWMIT,109
CS171,Fall,2020,Final Exam,lKOmgoDP5M,66
CS171,Fall,2020,Final Exam,xrWlqSyLPV,68
CS171,Fall,2020,Final Exam,k4hG2bKBi2,64
CS171,Fall,2020,Final Exam,OhfDW5FQet,90
CS171,Fall,2020,Final Exam,0Bb2zMzQAL,99
CS171,Fall,2020,Final Exam,qjAClhRo8T,81
CS171,Fall,2020,Final Exam,MMNPTkNHZg,71
CS171,Fall,2020,Final Exam,v9ksRoAENe,77
CS171,Fall,2020,Final Exam,I8k5HwpLlU,76
CS171,Fall,2020,Final Exam,pAA8hhbaAf,88
CS171,Fall,2020,Final Exam,kJQAvxlegv,115
CS171,Fall,2020,Final Exam,l8Ck5AEii7,110
CS171,Fall,2020,Final Exam,EIBGkZJ8LU,120
CS171,Fall,2020,Final Exam,WVztzxaqG1,110
CS171,Fall,2020,Final Exam,nlNo3Ifie2,73
CS171,Fall,2020,Final Exam,fe20lUruvB,115
CS171,Fall,2020,Final Exam,q24FfeogSR,108
CS171,Fall,2020,Final Exam,1aRjlUAYpO,100
CS171,Fall,2020,Final Exam,WUMHFJy3AG,119
CS171,Fall,2020,Final Exam,ujARr06uDs,114
CS171,Fall,2020,Final Exam,RtDWbzvtoo,80
CS171,Fall,2020,Final Exam,bCSKEQsp82,79
CS171,Fall,2021,Assignment6,qBhsb9AT1D,
CS171,Fall,2021,Assignment6,wUSNkrt2i7,
CS171,Fall,2021,Assignment6,YXCMIivcy6,
CS171,Fall,2021,Assignment6,loWO7ep40W,
CS171,Fall,2021,Assignment6,AyZm6kgtLQ,
CS171,Fall,2021,Assignment6,RCkC4TjYNZ,
CS171,Fall,2021,Assignment6,SGDgfAoZn8,
CS171,Fall,2021,Assignment6,UuUxEvmxXO,
CS171,Fall,2021,Assignment6,9wHtriXf8s,
CS171,Fall,2021,Assignment6,j3BjhOJA0K,
CS171,Fall,2021,Assignment6,77JVECgA9Y,
CS171,Fall,2021,Assignment6,LRH33DL7sR,
CS171,Fall,2021,Assignment6,82rggZxf5c,
CS171,Fall,2021,Assignment6,ffD2jzc574,
CS171,Fall,2021,Assignment6,zMdmtuvTDn,
CS171,Fall,2021,Assignment6,4RygfhpS1h,
CS171,Fall,2021,Assignment6,WW56HAP2R1,
CS171,Fall,2021,Assignment6,Sx6sqg2Av5,
CS171,Fall,2021,Assignment6,Oojd410rxz,
CS377,Fall,2021,Final Project,bSZa17FK2l,
CS377,Fall,2021,Final Project,A3mMrNEFsy,
CS377,Fall,2021,Final Project,ize3lkeNiR,
CS377,Fall,2021,Final Project,fk7USWbA60,
CS377,Fall,2021,Final Project,Xo3aGKAsfE,
CS377,Fall,2021,Final Project,q24FfeogSR,
CS377,Fall,2021,Final Project,1aRjlUAYpO,
CS377,Fall,2021,Final Project,WUMHFJy3AG,
CS377,Fall,2021,Final Project,ujARr06uDs,
CS377,Fall,2021,Final Project,RtDWbzvtoo,
CS377,Fall,2021,Final Project,bCSKEQsp82,
CS171,Fall,2017,Final Project,A1Kcf8Z1u3,106
CS171,Fall,2017,Final Project,Rjuqf7P3nX,126
CS171,Fall,2017,Final Project,ECk9NPOnC1,103
CS171,Fall,2017,Final Project,0nYGfSzH52,34
CS171,Fall,2017,Final Project,8BdlWK9mvn,103
CS171,Fall,2017,Final Project,hEp6l3yRkB,135
CS171,Fall,2017,Final Project,vrSPzDaBog,107
CS171,Fall,2017,Final Project,yVEE6glmyP,45
CS171,Fall,2017,Final Project,4D8d5NFQey,149
CS171,Fall,2017,Final Project,tmil3gYi8I,120
CS171,Fall,2017,Final Project,stB2damzF1,124
CS171,Fall,2017,Final Project,Q5zYQSo07T,91
CS171,Fall,2018,Final Project,WJrWAidLZ5,64
CS171,Fall,2018,Final Project,l8fb19WIds,138
CS171,Fall,2018,Final Project,DlK1RDF6DZ,57
CS171,Fall,2018,Final Project,s8jX7v1r9L,120
CS171,Fall,2018,Final Project,qSaWq5Khmt,149
CS171,Fall,2018,Final Project,JEdJCRTwMu,141
CS171,Fall,2018,Final Project,LbOIaCTwOR,146
CS171,Fall,2018,Final Project,F8SGo1rfbJ,71
CS171,Fall,2018,Final Project,aDQQtN7BnB,86
CS171,Fall,2018,Final Project,w4xX1lvTG7,47
CS171,Fall,2018,Final Project,ixYZCGpl5D,65
CS171,Fall,2018,Final Project,iep724zbM3,101
CS171,Fall,2018,Final Project,rRMSF0EH7d,42
CS171,Fall,2018,Final Project,EWUS9AaKts,119
CS377,Spring,2019,Homework7,A1Kcf8Z1u3,66
CS377,Spring,2019,Homework7,Rjuqf7P3nX,85
CS377,Spring,2019,Homework7,ECk9NPOnC1,61
CS377,Spring,2019,Homework7,0nYGfSzH52,20
CS377,Spring,2019,Homework7,8BdlWK9mvn,78
CS377,Spring,2019,Homework7,hEp6l3yRkB,68
CS377,Spring,2019,Homework7,vrSPzDaBog,72
CS377,Spring,2019,Homework7,yVEE6glmyP,45
CS377,Spring,2019,Homework7,4D8d5NFQey,29
CS377,Spring,2019,Homework7,tmil3gYi8I,25
CS377,Spring,2019,Homework7,stB2damzF1,34
CS377,Spring,2019,Homework7,Q5zYQSo07T,53
CS377,Spring,2019,Homework7,s8jX7v1r9L,84
CS377,Spring,2019,Homework7,qSaWq5Khmt,44
CS377,Spring,2019,Homework7,JEdJCRTwMu,21
CS377,Spring,2019,Homework7,LbOIaCTwOR,93
CS377,Spring,2019,Homework7,F8SGo1rfbJ,70
CS377,Spring,2019,Homework7,aDQQtN7BnB,51
CS377,Spring,2019,Homework7,w4xX1lvTG7,48
CS377,Spring,2019,Homework7,ixYZCGpl5D,70
CS171,Fall,2019,Final Project,tmt3aPs20s,103
CS171,Fall,2019,Final Project,QrcaEXMLnx,40
CS171,Fall,2019,Final Project,VxX7KCsBEi,108
CS171,Fall,2019,Final Project,PiQvBSPut9,120
CS171,Fall,2019,Final Project,MvygDkC5GZ,94
CS171,Fall,2019,Final Project,pSE2USVUGe,105
CS171,Fall,2019,Final Project,uZfhzJCf3Q,22
CS171,Fall,2019,Final Project,2ruNWPmicg,119
CS171,Fall,2019,Final Project,5xTn7laQAz,48
CS171,Fall,2019,Final Project,UPLEFa48ob,73
CS171,Fall,2019,Final Project,g0aGB2MNq6,94
CS171,Fall,2019,Final Project,vMCwbZJ5UI,68
CS171,Fall,2019,Final Project,P80TDV5kec,39
CS171,Fall,2019,Final Project,UX8dL9oWOH,55
CS171,Fall,2019,Final Project,erGZXNCSa8,121
CS171,Fall,2019,Final Project,aKtF7xlCj,130
CS171,Fall,2019,Final Project,OcbMCqoATE,80
CS171,Fall,2019,Final Project,Ki437ImMiB,121
CS171,Fall,2019,Final Project,VkA4Ln4RP8,115
CS171,Fall,2019,Final Project,Vv5mvmR93y,125
CS171,Fall,2019,Final Project,9mCMQL1myp,48
CS171,Fall,2019,Final Project,FGVfybCruk,132
CS171,Fall,2019,Final Project,ybgAEICak2,120
CS171,Fall,2021,Final Exam,qBhsb9AT1D,
CS171,Fall,2021,Final Exam,wUSNkrt2i7,
CS171,Fall,2021,Final Exam,YXCMIivcy6,
CS171,Fall,2021,Final Exam,loWO7ep40W,
CS171,Fall,2021,Final Exam,AyZm6kgtLQ,
CS171,Fall,2021,Final Exam,RCkC4TjYNZ,
CS171,Fall,2021,Final Exam,SGDgfAoZn8,
CS171,Fall,2021,Final Exam,UuUxEvmxXO,
CS171,Fall,2021,Final Exam,9wHtriXf8s,
CS171,Fall,2021,Final Exam,j3BjhOJA0K,
CS171,Fall,2021,Final Exam,77JVECgA9Y,
CS171,Fall,2021,Final Exam,LRH33DL7sR,
CS171,Fall,2021,Final Exam,82rggZxf5c,
CS171,Fall,2021,Final Exam,ffD2jzc574,
CS171,Fall,2021,Final Exam,zMdmtuvTDn,
CS171,Fall,2021,Final Exam,4RygfhpS1h,
CS171,Fall,2021,Final Exam,WW56HAP2R1,
CS171,Fall,2021,Final Exam,Sx6sqg2Av5,
CS171,Fall,2021,Final Exam,Oojd410rxz,
CS377,Fall,2021,Final Exam,bSZa17FK2l,
CS377,Fall,2021,Final Exam,A3mMrNEFsy,
CS377,Fall,2021,Final Exam,ize3lkeNiR,
CS377,Fall,2021,Final Exam,fk7USWbA60,
CS377,Fall,2021,Final Exam,Xo3aGKAsfE,
CS377,Fall,2021,Final Exam,q24FfeogSR,
CS377,Fall,2021,Final Exam,1aRjlUAYpO,
CS377,Fall,2021,Final Exam,WUMHFJy3AG,
CS377,Fall,2021,Final Exam,ujARr06uDs,
CS377,Fall,2021,Final Exam,RtDWbzvtoo,
CS377,Fall,2021,Final Exam,bCSKEQsp82,
CS171,Fall,2017,Bonus Quiz,A1Kcf8Z1u3,9
CS171,Fall,2017,Bonus Quiz,Rjuqf7P3nX,8
CS171,Fall,2017,Bonus Quiz,ECk9NPOnC1,0
CS171,Fall,2017,Bonus Quiz,0nYGfSzH52,3
CS171,Fall,2017,Bonus Quiz,8BdlWK9mvn,9
CS171,Fall,2017,Bonus Quiz,hEp6l3yRkB,8
CS171,Fall,2017,Bonus Quiz,vrSPzDaBog,8
CS171,Fall,2017,Bonus Quiz,yVEE6glmyP,1
CS171,Fall,2017,Bonus Quiz,4D8d5NFQey,3
CS171,Fall,2017,Bonus Quiz,tmil3gYi8I,3
CS171,Fall,2017,Bonus Quiz,stB2damzF1,7
CS171,Fall,2017,Bonus Quiz,Q5zYQSo07T,3
CS171,Fall,2018,Bonus Quiz,WJrWAidLZ5,5
CS171,Fall,2018,Bonus Quiz,l8fb19WIds,7
CS171,Fall,2018,Bonus Quiz,DlK1RDF6DZ,3
CS171,Fall,2018,Bonus Quiz,s8jX7v1r9L,1
CS171,Fall,2018,Bonus Quiz,qSaWq5Khmt,6
CS171,Fall,2018,Bonus Quiz,JEdJCRTwMu,6
CS171,Fall,2018,Bonus Quiz,LbOIaCTwOR,3
CS171,Fall,2018,Bonus Quiz,F8SGo1rfbJ,6
CS171,Fall,2018,Bonus Quiz,aDQQtN7BnB,7
CS171,Fall,2018,Bonus Quiz,w4xX1lvTG7,3
CS171,Fall,2018,Bonus Quiz,ixYZCGpl5D,3
CS171,Fall,2018,Bonus Quiz,iep724zbM3,5
CS171,Fall,2018,Bonus Quiz,rRMSF0EH7d,1
CS171,Fall,2018,Bonus Quiz,EWUS9AaKts,4
CS377,Spring,2019,Homework8,A1Kcf8Z1u3,58
CS377,Spring,2019,Homework8,Rjuqf7P3nX,67
CS377,Spring,2019,Homework8,ECk9NPOnC1,86
CS377,Spring,2019,Homework8,0nYGfSzH52,45
CS377,Spring,2019,Homework8,8BdlWK9mvn,96
CS377,Spring,2019,Homework8,hEp6l3yRkB,97
CS377,Spring,2019,Homework8,vrSPzDaBog,46
CS377,Spring,2019,Homework8,yVEE6glmyP,70
CS377,Spring,2019,Homework8,4D8d5NFQey,35
CS377,Spring,2019,Homework8,tmil3gYi8I,42
CS377,Spring,2019,Homework8,stB2damzF1,43
CS377,Spring,2019,Homework8,Q5zYQSo07T,91
CS377,Spring,2019,Homework8,s8jX7v1r9L,27
CS377,Spring,2019,Homework8,qSaWq5Khmt,68
CS377,Spring,2019,Homework8,JEdJCRTwMu,47
CS377,Spring,2019,Homework8,LbOIaCTwOR,72
CS377,Spring,2019,Homework8,F8SGo1rfbJ,36
CS377,Spring,2019,Homework8,aDQQtN7BnB,62
CS377,Spring,2019,Homework8,w4xX1lvTG7,62
CS377,Spring,2019,Homework8,ixYZCGpl5D,57
CS171,Fall,2019,Bonus Quiz,tmt3aPs20s,1
CS171,Fall,2019,Bonus Quiz,QrcaEXMLnx,7
CS171,Fall,2019,Bonus Quiz,VxX7KCsBEi,9
CS171,Fall,2019,Bonus Quiz,PiQvBSPut9,6
CS171,Fall,2019,Bonus Quiz,MvygDkC5GZ,0
CS171,Fall,2019,Bonus Quiz,pSE2USVUGe,4
CS171,Fall,2019,Bonus Quiz,uZfhzJCf3Q,4
CS171,Fall,2019,Bonus Quiz,2ruNWPmicg,9
CS171,Fall,2019,Bonus Quiz,5xTn7laQAz,7
CS171,Fall,2019,Bonus Quiz,UPLEFa48ob,10
CS171,Fall,2019,Bonus Quiz,g0aGB2MNq6,8
CS171,Fall,2019,Bonus Quiz,vMCwbZJ5UI,7
CS171,Fall,2019,Bonus Quiz,P80TDV5kec,6
CS171,Fall,2019,Bonus Quiz,UX8dL9oWOH,0
CS171,Fall,2019,Bonus Quiz,erGZXNCSa8,2
CS171,Fall,2019,Bonus Quiz,aKtF7xlCj,7
CS171,Fall,2019,Bonus Quiz,OcbMCqoATE,0
CS171,Fall,2019,Bonus Quiz,Ki437ImMiB,0
CS171,Fall,2019,Bonus Quiz,VkA4Ln4RP8,1
CS171,Fall,2019,Bonus Quiz,Vv5mvmR93y,3
CS171,Fall,2019,Bonus Quiz,9mCMQL1myp,1
CS171,Fall,2019,Bonus Quiz,FGVfybCruk,2
CS171,Fall,2019,Bonus Quiz,ybgAEICak2,3
CS171,Fall,2017,Final Exam,A1Kcf8Z1u3,80
CS171,Fall,2017,Final Exam,Rjuqf7P3nX,90
CS171,Fall,2017,Final Exam,ECk9NPOnC1,64
CS171,Fall,2017,Final Exam,0nYGfSzH52,99
CS171,Fall,2017,Final Exam,8BdlWK9mvn,47
CS171,Fall,2017,Final Exam,hEp6l3yRkB,24
CS171,Fall,2017,Final Exam,vrSPzDaBog,41
CS171,Fall,2017,Final Exam,yVEE6glmyP,82
CS171,Fall,2017,Final Exam,4D8d5NFQey,67
CS171,Fall,2017,Final Exam,tmil3gYi8I,58
CS171,Fall,2017,Final Exam,stB2damzF1,28
CS171,Fall,2017,Final Exam,Q5zYQSo07T,70
CS171,Fall,2018,Final Exam,WJrWAidLZ5,80
CS171,Fall,2018,Final Exam,l8fb19WIds,79
CS171,Fall,2018,Final Exam,DlK1RDF6DZ,92
CS171,Fall,2018,Final Exam,s8jX7v1r9L,58
CS171,Fall,2018,Final Exam,qSaWq5Khmt,49
CS171,Fall,2018,Final Exam,JEdJCRTwMu,96
CS171,Fall,2018,Final Exam,LbOIaCTwOR,36
CS171,Fall,2018,Final Exam,F8SGo1rfbJ,99
CS171,Fall,2018,Final Exam,aDQQtN7BnB,84
CS171,Fall,2018,Final Exam,w4xX1lvTG7,86
CS171,Fall,2018,Final Exam,ixYZCGpl5D,58
CS171,Fall,2018,Final Exam,iep724zbM3,79
CS171,Fall,2018,Final Exam,rRMSF0EH7d,78
CS171,Fall,2018,Final Exam,EWUS9AaKts,54
CS377,Spring,2019,Final Exam,A1Kcf8Z1u3,94
CS377,Spring,2019,Final Exam,Rjuqf7P3nX,59
CS377,Spring,2019,Final Exam,ECk9NPOnC1,51
CS377,Spring,2019,Final Exam,0nYGfSzH52,58
CS377,Spring,2019,Final Exam,8BdlWK9mvn,74
CS377,Spring,2019,Final Exam,hEp6l3yRkB,66
CS377,Spring,2019,Final Exam,vrSPzDaBog,40
CS377,Spring,2019,Final Exam,yVEE6glmyP,82
CS377,Spring,2019,Final Exam,4D8d5NFQey,48
CS377,Spring,2019,Final Exam,tmil3gYi8I,90
CS377,Spring,2019,Final Exam,stB2damzF1,38
CS377,Spring,2019,Final Exam,Q5zYQSo07T,66
CS377,Spring,2019,Final Exam,s8jX7v1r9L,52
CS377,Spring,2019,Final Exam,qSaWq5Khmt,44
CS377,Spring,2019,Final Exam,JEdJCRTwMu,40
CS377,Spring,2019,Final Exam,LbOIaCTwOR,54
CS377,Spring,2019,Final Exam,F8SGo1rfbJ,53
CS377,Spring,2019,Final Exam,aDQQtN7BnB,93
CS377,Spring,2019,Final Exam,w4xX1lvTG7,93
CS377,Spring,2019,Final Exam,ixYZCGpl5D,21
CS171,Fall,2019,Final Exam,tmt3aPs20s,64
CS171,Fall,2019,Final Exam,QrcaEXMLnx,52
CS171,Fall,2019,Final Exam,VxX7KCsBEi,58
CS171,Fall,2019,Final Exam,PiQvBSPut9,53
CS171,Fall,2019,Final Exam,MvygDkC5GZ,84
CS171,Fall,2019,Final Exam,pSE2USVUGe,77
CS171,Fall,2019,Final Exam,uZfhzJCf3Q,99
CS171,Fall,2019,Final Exam,2ruNWPmicg,37
CS171,Fall,2019,Final Exam,5xTn7laQAz,92
CS171,Fall,2019,Final Exam,UPLEFa48ob,20
CS171,Fall,2019,Final Exam,g0aGB2MNq6,63
CS171,Fall,2019,Final Exam,vMCwbZJ5UI,85
CS171,Fall,2019,Final Exam,P80TDV5kec,77
CS171,Fall,2019,Final Exam,UX8dL9oWOH,49
CS171,Fall,2019,Final Exam,erGZXNCSa8,91
CS171,Fall,2019,Final Exam,aKtF7xlCj,37
CS171,Fall,2019,Final Exam,OcbMCqoATE,71
CS171,Fall,2019,Final Exam,Ki437ImMiB,95
CS171,Fall,2019,Final Exam,VkA4Ln4RP8,76
CS171,Fall,2019,Final Exam,Vv5mvmR93y,88
CS171,Fall,2019,Final Exam,9mCMQL1myp,46
CS171,Fall,2019,Final Exam,FGVfybCruk,41
CS171,Fall,2019,Final Exam,ybgAEICak2,29